year,month,day,duty cycle [day],tds_fit [/day],svm_fit [/day],cnn_fit [/day]
2020,6,28,0.031181328713193273,252.76871755196984,239.91915743728376,227.61319983051513
2020,6,29,0.031216051796392818,244.18123301742318,234.1373911620722,221.88276325940356
2020,6,30,0.031082584945344566,235.7994358537974,228.49410971319637,216.28958206590568
2020,7,1,0.031216051796392818,227.650722844305,223.00775874800678,210.85193814943216
2020,7,2,0.03121569009760949,219.7569364200761,217.69304429958783,205.58440698498353
2020,7,3,0.011163471248655653,212.13478098398346,212.56121307852032,200.49813543643302
2020,7,4,0.03121026461585956,204.79629005508826,207.62036699106102,195.60115348245836
2020,7,5,0.057790784805113134,197.74931873218432,202.87579470411953,190.89870283793152
2020,7,6,0.062293211259987456,190.99804929786328,198.33031205746175,186.39357434399085
2020,7,7,0.06242052923171912,184.54348399346623,193.98459383835075,182.0864367972334
2020,7,8,0.062314913186987175,178.38392225473382,189.8374950939142,177.97615540951676
2020,7,9,0.06242052923171912,172.51540457384397,185.88634997378588,174.06008799751746
2020,7,10,0.06242052923171912,166.93212144034308,182.12724706112635,170.33435786940225
2020,7,11,0.062432103592785636,161.62678500817495,178.5552796079378,166.7941018385887
2020,7,12,0.06235108306532003,156.59095186624165,175.16476284945148,163.43368560884656
2020,7,13,0.06240823147308595,151.81533426544803,171.94944354651744,160.24691145639954
2020,7,14,0.06214274456612276,147.28985537787221,168.90253719040032,157.22705510442222
2020,7,15,0.06242052923171912,143.0044966897467,166.01729853401457,154.36743118917965
2020,7,16,0.06242052923171912,138.94860453910687,163.28655469882904,151.6609305119429
2020,7,17,0.06242052923171912,135.1115627083068,160.70315801675662,149.10046886061224
2020,7,18,0.03711897594031742,131.4828322865373,158.26001286871957,146.67901361001356
2020,7,19,0.039179212210157084,128.05202064279084,155.95012212264396,144.38962974762296
2020,7,20,0.062432103592785636,124.8089674038768,153.76664502058495,142.22553724677795
2020,7,21,0.06211959584398973,121.74380223140346,151.70293607870968,140.18014962131238
2020,7,22,0.0624089548706526,118.84699017113348,149.75257562003094,138.24710418722424
2020,7,23,0.0624089548706526,116.10936361686151,147.90939129498938,136.42028339220144
2020,7,24,0.062374231787453056,113.5221434094178,146.16747228695317,134.6938288950072
2020,7,25,0.06242052923171912,111.07695069571997,144.5211772966592,133.06214947903612
2020,7,26,0.06235108306532003,108.756016217118,142.95854266932767,131.5133877011453
2020,7,27,0.0624089548706526,106.55192278461095,141.47457457317353,130.04259406408264
2020,7,28,0.06213117020505624,104.46070734423432,140.06660477028993,128.64712401818053
2020,7,29,0.05221194277105293,102.4784068420235,138.73196502277017,127.3243330137713
2020,7,30,0.062293211259987456,100.601058224014,137.4679870927074,126.07157650118734
2020,7,31,0.06240750807551929,98.82469843624128,136.27200274219484,124.88620993076098
2020,8,1,0.0624089548706526,97.14536442474076,135.14134373332575,123.76558875282463
2020,8,2,0.06211959584398973,95.55909313554795,134.0733418281933,122.70706841771062
2020,8,3,0.06221219073252185,94.06192151469827,133.06532878889067,121.70800437575127
2020,8,4,0.06174921628986125,92.64988650822721,132.11463637751115,120.76575207727902
2020,8,5,0.06221219073252185,91.3190250621702,131.21859635614794,119.87766697262619
2020,8,6,0.06221219073252185,90.06537412256273,130.3745404868942,119.04110451212514
2020,8,7,0.06221219073252185,88.88497063544023,129.57980053184315,118.25342014610823
2020,8,8,0.06220061637145533,87.77385154683816,128.83170825308807,117.51196932490782
2020,8,9,0.06214274456612276,86.728053802792,128.1275954127221,116.81410749885629
2020,8,10,0.06222376509358837,85.74361434933724,127.4647937728385,116.15719011828598
2020,8,11,0.06164432364269596,84.81657013250924,126.84063509553044,115.53857263352924
2020,8,12,0.062108021482923215,83.94295809834352,126.25245114289119,114.95561049491846
2020,8,13,0.06222376509358837,83.11881519287556,125.6975736770139,114.40565915278599
2020,8,14,0.06223533945465488,82.34017836214078,125.17333445999182,113.88607405746419
2020,8,15,0.06205014967759064,81.60308455217464,124.67706525391816,113.39421065928539
2020,8,16,0.06215431892718928,80.90357070901264,124.20609782088613,112.927424408582
2020,8,17,0.06221219073252185,80.2376737786902,123.75776392298894,112.48307075568636
2020,8,18,0.06177164161442763,79.60143070724277,123.32939532231978,112.05850515093081
2020,8,19,0.06221219073252185,78.99342273917523,122.92003680170868,111.65278085742844
2020,8,20,0.06207329839972367,78.4196889867124,122.5337543638661,111.26992778049215
2020,8,21,0.06209500032672339,77.8786849867086,122.16950815539921,110.90891529840061
2020,8,22,0.06222376509358837,77.36896376953283,121.82632396317496,110.56877784694728
2020,8,23,0.062177467649322304,76.88917098581825,121.50328993326656,110.24861166751572
2020,8,24,0.06218904201038882,76.4380378023794,121.1995517879293,109.94757006651837
2020,8,25,0.061760790650927766,76.01437542863974,120.91430914036354,109.66485976287647
2020,8,26,0.0613209649304002,75.61707069683774,120.64681251896369,109.39973793868748
2020,8,27,nan,75.24508114315326,120.39636005554769,109.15150895685588
2020,8,28,nan,74.89743059052003,120.162294511361,108.91952141349995
2020,8,29,nan,74.57320495379189,119.9440004527863,108.70316533873503
2020,8,30,nan,74.2715467836928,119.74090057790389,108.50186855584636
2020,8,31,nan,73.99165700384393,119.55245688599429,108.31509784040881
2020,9,1,0.03681804255258803,73.73278736553956,119.37816559750308,108.14235388535164
2020,9,2,0.06221219073252185,73.49423767902607,119.21755528992148,107.98316945338851
2020,9,3,0.06221219073252185,73.27535353723184,119.0701853652231,107.83710785806007
2020,9,4,0.06221219073252185,73.0755236560656,118.935644259145,107.70376118891275
2020,9,5,0.06221219073252185,72.89417803879878,118.8135482053061,107.58274908658919
2020,9,6,0.06214274456612276,72.73068478905347,118.7034717616398,107.47364988603735
2020,9,7,0.06221219073252185,72.58460255962953,118.60511777869019,107.37616907585215
2020,9,8,0.061969129150125035,72.45554612626277,118.51822689335148,107.2900495955169
2020,9,9,0.06221219073252185,72.34313026468894,118.44253974251802,107.21503438451488
2020,9,10,0.06222376509358837,72.24696975064384,118.37779696308402,107.15086638232935
2020,9,11,0.06221219073252185,72.16667935986322,118.32373919194377,107.0972885284436
2020,9,12,0.06221219073252185,72.10187386808289,118.28010706599156,107.05404376234091
2020,9,13,0.06225848817678791,72.05216805103859,118.24664122212162,107.02087502350454
2020,9,14,0.06227006253785442,72.017226511649,118.22311584478513,106.9975585011442
2020,9,15,0.06202700095545761,71.99687951694634,118.20941665647211,106.98398093228951
2020,9,16,0.06227006253785442,71.99088635398357,118.20538159039884,106.97998168896274
2020,9,17,0.06227006253785442,71.99902854101117,118.21086354756258,106.98541497808532
2020,9,18,0.06227006253785442,72.02110889936537,118.22572977186417,107.00014922214797
2020,9,19,0.06207329839972367,72.05695115817619,118.24986158396655,107.02406679543202
2020,9,20,nan,72.10639786434228,118.28315297412641,107.0570626293337
2020,9,21,nan,72.16931209046517,118.32551175210907,107.09904535207019
2020,9,22,nan,72.24557364489735,118.3768569954964,107.14993475964117
2020,9,23,nan,72.33508156254813,118.43712072669216,107.20966347794588
2020,9,24,nan,72.4377519525995,118.50624646383599,107.27817552656197
2020,9,25,nan,72.55351774568473,118.58418905058426,107.3554261500374
2020,9,26,nan,72.68232867778322,118.67091464526679,107.44138180714357
2020,9,27,0.06017510318481522,72.82414995497737,118.7663998218968,107.53601927986632
2020,9,28,0.06223533945465488,72.97896328028943,118.8706322615177,107.63932635861502
2020,9,29,0.06198070351119155,73.14676561649227,118.98360991923064,107.75130101664513
2020,9,30,0.06223533945465488,73.32756932425241,119.10534111720315,107.87195150224113
2020,10,1,0.06147143162426489,73.52140187475766,119.23584435118758,108.00129614695271
2020,10,2,0.06222376509358837,73.72830564220445,119.37514815080732,108.1393632271213
2020,10,3,0.06220061637145533,73.94833831802012,119.52329135844371,108.28619124029109
2020,10,4,0.05221194277105293,74.18157110738346,119.68032191499255,108.44182770174534
2020,10,5,0.06221219073252185,74.42809169253366,119.84629885499551,108.60633112192542
2020,10,6,0.06195755478905852,74.68800036407289,120.0212897019304,108.77976842484526
2020,10,7,0.06221219073252185,74.96141368627235,120.20537293598187,108.9622173939535
2020,10,8,0.06218904201038882,75.24846258323682,120.39863670549775,109.15376539502935
2020,10,9,0.06223533945465488,75.54929273360324,120.60117909273097,109.35450963956544
2020,10,10,0.06221219073252185,75.86406475366229,120.8131082371313,109.56455730696472
2020,10,11,0.06213117020505624,76.19295446124869,121.03454251301704,109.78402572063503
2020,10,12,0.06221219073252185,76.53615308702507,121.26561067182772,110.01304248897884
2020,10,13,0.061969129150125035,76.8938668435176,121.50645155196526,110.25174521781031
2020,10,14,0.06222376509358837,77.266318184292,121.75721492656974,110.5002823506048
2020,10,15,0.05767504119444799,77.65374550086732,122.01806129945804,110.75881296624893
2020,10,16,0.062246913815721394,78.05640345502994,122.28916212886362,111.0275070007942
2020,10,17,0.062177467649322304,78.47456397355668,122.57070049716188,111.30654591123657
2020,10,18,0.06211959584398973,78.90851462849713,122.86287002034965,111.59612159467736
2020,10,19,0.062246913815721394,79.35856247813597,123.16587743408127,111.89643895140104
2020,10,20,0.061969129150125035,79.82503035811806,123.47994009656409,112.20771340993947
2020,10,21,0.06222376509358837,80.30826116909563,123.80528887533785,112.530173788223
2020,10,22,0.06221219073252185,80.80861641118904,124.14216716055897,112.86406131562462
2020,10,23,0.06222376509358837,81.32647699360766,124.49083141010075,113.20963017322087
2020,10,24,0.06222376509358837,81.86224446178468,124.85155197575648,113.56714831266001
2020,10,25,0.06194598042799201,82.41634003698536,125.2246124566285,113.93689681529168
2020,10,26,0.06199227787225806,82.98920791402855,125.61031191941248,114.31917209273955
2020,10,27,0.06152930342959747,83.58131306838355,126.00896342196327,114.71428442357518
2020,10,28,0.06200385223332458,84.19314448594773,126.42089618783395,115.1225601085514
2020,10,29,0.0620154265943911,84.82521506734466,126.8464555418418,115.54434140674059
2020,10,30,0.0620154265943911,85.47806124640678,127.28600265320104,115.97998628094771
2020,10,31,0.0620154265943911,86.15224920975967,127.73991872303337,116.42987254804473
2020,11,1,0.06191125734479246,86.84835742760396,128.208593222724,116.89438622174497
2020,11,2,0.06199227787225806,87.56712952243399,128.6925268171,117.37402352204387
2020,11,3,0.06152930342959747,88.30899677610975,129.192009878843,117.86907224373545
2020,11,4,0.06200385223332458,89.07472242036712,129.70755627525534,118.38004169208067
2020,11,5,0.06199227787225806,89.86502628293252,130.23965065066503,118.90741220880376
2020,11,6,0.06199227787225806,90.68064593788458,130.78878959763261,119.45167597778666
2020,11,7,0.06199227787225806,91.5223549452148,131.3554939372499,120.01334919634505
2020,11,8,0.06188810862265943,92.39096165410785,131.94030791341447,120.59297127665617
2020,11,9,0.06194598042799201,93.28731179539696,132.54380093827385,121.19110657570685
2020,11,10,0.06147143162426489,94.21228824710965,133.16656743437207,121.80834423884184
2020,11,11,0.06194598042799201,95.16681476344979,133.8092293452924,122.44530068811711
2020,11,12,0.06194598042799201,96.15185590116843,134.47243608608431,123.10261957316712
2020,11,13,0.06195755478905852,97.16842073667041,135.1568670459104,123.78097425163338
2020,11,14,0.06191125734479246,98.21756123880206,135.86323049247972,124.48106670332442
2020,11,15,0.062108021482923215,99.30037837363395,136.5922676822652,125.20363160394284
2020,11,16,0.06213117020505624,100.4180224227375,137.34475307479218,125.94943653747175
2020,11,17,0.061830236817326856,101.57169314352055,138.12149444058898,126.71928210316685
2020,11,18,0.06215431892718928,102.76264506932611,138.92333642962777,127.5140054523172
2020,11,19,0.06213117020505624,103.99218805119193,139.7511609360797,128.33448064976216
2020,11,20,0.06214274456612276,105.26168998164752,140.605888932188,129.1816204914834
2020,11,21,0.06211959584398973,106.57257890553797,141.48848188943964,130.05637791315988
2020,11,22,0.06215431892718928,107.92634697151561,142.39994443901864,130.959748627002
2020,11,23,0.06220061637145533,109.32453041072102,143.34131089188804,131.89275776150612
2020,11,24,0.06185338553945988,110.76879298707917,144.31370142405666,132.8565155479168
2020,11,25,0.06213117020505624,112.26083451334358,145.3182604824243,133.8521562728959
2020,11,26,0.06220061637145533,113.80238381674084,146.3561520487034,134.88083358449066
2020,11,27,0.06220061637145533,115.39530378398717,147.42863036394056,135.94379058877294
2020,11,28,0.061564026512797014,117.04152060477142,148.53699228969498,137.04231263394823
2020,11,29,0.06247767763948504,118.74304124212026,149.68258907045464,138.1777389683468
2020,11,30,0.06245525231491866,120.50195759538713,150.86682913648616,139.35146551839046
2020,12,1,0.062142021168556105,122.32045038965884,152.09118072248765,140.564947483997
2020,12,2,0.062432103592785636,124.20078935421046,153.35717198773824,141.81969945766346
2020,12,3,0.062108021482923215,126.14533818217006,154.6663943553326,143.11729873405505
2020,12,4,0.06242052923171912,128.1565560990613,156.02050356824623,144.45938635669518
2020,12,5,0.062443677953852146,130.23700032331425,157.42122134594405,145.84766875986648
2020,12,6,0.06197925671605823,132.38932812820204,158.8703367726372,147.28391914454335
2020,12,7,504.0178793360342,134.61629954240718,160.36970811551566,148.7699792804822
2020,12,8,87.0880043008546,136.9207760666837,161.92126196070484,150.307758649849
2020,12,9,0.062108021482923215,139.30572558354928,163.5269965188543,151.89923772346143
2020,12,10,0.06213117020505624,141.77422061938674,165.18898045504844,153.5464668010876
2020,12,11,0.06211959584398973,144.32943879660863,166.9093531932392,155.25156631317589
2020,12,12,0.062108021482923215,146.97466218037417,168.69032447640484,157.01672638491857
2020,12,13,0.06211959584398973,149.71327701573452,170.53417418957542,158.84420666084856
2020,12,14,0.06218904201038882,152.5487683610834,172.4432487466521,160.73633272373587
2020,12,15,0.06180708809519383,155.48472191755337,174.41996232209976,162.69549731534568
2020,12,16,0.06218904201038882,158.52481949521768,176.46679379843965,164.7241573110303
2020,12,17,0.06218904201038882,161.67283256117,178.58628242231163,166.82482941435683
2020,12,18,0.06218904201038882,164.93263770842145,180.78103821934604,169.00010047951673
2020,12,19,0.06218904201038882,168.30816445264009,183.05370684684513,171.2525926760406
2020,12,20,0.06206172403865715,171.80361620851795,185.4071183723578,173.58511094653738
2020,12,21,0.06200385223332458,175.42279465271224,187.843832381965,176.00019215344457
2020,12,22,0.061783939373060794,179.17183913486,190.36798236604344,178.50193309059523
2020,12,23,0.06199227787225806,183.050338274141,192.979291350848,181.09005924317802
2020,12,24,0.06213117020505624,187.08566067307098,195.69618602027992,183.78283370559802
2020,12,25,0.06199227787225806,191.22234350161492,198.4813244590282,186.54324607879235
2020,12,26,0.06198070351119155,195.80767571740722,201.5685287572434,189.6030426134314
2020,12,27,0.06207329839972367,198.16587403322367,203.15625231445011,191.17667058522275
2020,12,28,0.06211887244642308,202.52005149087088,206.0878251492698,194.08221733060952
2020,12,29,0.061783939373060794,207.37435916097408,209.35612476175754,197.32150144090753
2020,12,30,0.06211887244642308,212.38885505773806,212.73227561786237,200.66767930671978
2020,12,31,0.0620964471218567,217.60277510382477,216.24269440963315,204.14693309643553
2021,1,1,0.06215431892718928,223.00462701865408,219.8796436348926,207.75159400032865
2021,1,2,0.06220061637145533,228.59880860369447,223.64608423757178,211.48459667548823
2021,1,3,0.06216589328825579,234.38898202814252,227.5444818764174,215.34838489089105
2021,1,4,0.06221219073252185,240.37674125308686,231.57590973070901,219.34402229828268
2021,1,5,0.06184181117839337,246.5633545478772,235.741221698573,223.47235521500255
2021,1,6,0.06221219073252185,252.94927325922635,240.04072166191938,227.73368482513996
2021,1,7,0.06221219073252185,259.53367437327273,244.47385550344288,232.12746193076484
2021,1,8,0.06220061637145533,266.31426911729164,249.03908224232458,236.65215923166826
2021,1,9,0.06246537988085187,273.28702825304845,253.73368908023022,241.30508801335628
2021,1,10,0.05424903031875956,280.4459020347392,258.5536028550922,246.08221127471867
2021,1,11,0.0618649599005264,287.78251526505187,263.493184728998,250.9779402386491
2021,1,12,0.06221219073252185,295.2858284460102,268.5450020484344,255.98490823768225
2021,1,13,0.06221219073252185,302.9418121134267,273.69960908076905,261.09375339706537
2021,1,14,0.06202700095545761,310.73302604719953,278.94526370570907,266.2928378413907
2021,1,15,0.06214274456612276,318.63844067650206,284.26780717130595,271.5681285181089
2021,1,16,0.06213117020505624,326.63234289989134,289.6499274064687,276.90246705025027
2021,1,17,0.05275593774117913,334.6980223589087,295.08037369085025,282.28470259977325
2021,1,18,0.06185266214189323,342.7934868071451,300.5308735596641,287.68681370083937
2021,1,19,0.061783939373060794,350.8681331776941,305.9673570702529,293.07503287892837
2021,1,20,0.06213117020505624,358.87135785239457,311.3557539088117,298.4155922916676
2021,1,21,0.06213117020505624,366.7525572130855,316.66199376153565,303.67472409668443
2021,1,22,0.06218904201038882,374.4611276416055,321.8520063146194,308.8186604516059
2021,1,23,0.06218904201038882,381.94646551979366,326.89172125425824,313.81363351405935
2021,1,24,0.0620964471218567,389.1513529611148,331.74261502382996,318.62146173411554
2021,1,25,0.062177467649322304,395.9926846381534,336.348734616676,323.1866888480034
2021,1,26,0.05211934788252081,402.39581677154627,340.659824002123,327.45950499098956
2021,1,27,0.06218904201038882,408.28416934226766,344.62432352150984,331.38880824377753
2021,1,28,0.06218831861282217,413.5796921748341,348.18968369185706,334.9225156502732
2021,1,29,0.06220061637145533,418.2046901016027,351.30359404923104,338.0087811514511
2021,1,30,0.05392494820889714,422.08301346080947,353.9147846851407,340.5967900058238
2021,1,31,nan,425.1444064496815,355.975953897967,342.639660449596
2021,2,1,nan,427.32218851485163,357.4422071236359,344.0928964862908
2021,2,2,nan,428.5596650539519,358.2753731213565,344.9186657539995
2021,2,3,nan,428.81026294395457,358.44409522190034,345.08588996357304
2021,2,4,nan,428.0397548424326,357.9253289011885,344.57172917696124
2021,2,5,nan,426.2279714412748,356.7054946034193,343.3627243957403
2021,2,6,0.005416800979129875,423.37006024848625,354.7813252514349,341.45563754740175
2021,2,7,0.06208414936322353,419.4772092066634,352.16035344327764,338.85793435664675
2021,2,8,0.06220061637145533,414.576877034131,348.8610665358599,335.587938052245
2021,2,9,0.06185266214189323,408.71236534543243,344.9126185630111,331.67454384263283
2021,2,10,0.06220061637145533,401.94182502805967,340.35416125057384,327.15655587016226
2021,2,11,0.06217674425175565,394.3366871101073,335.23378755377615,322.08164012759994
2021,2,12,0.06220061637145533,385.97962674672743,329.6071608536621,316.50496582435744
2021,2,13,nan,376.962159841813,323.5358968148241,310.48760160986245
2021,2,14,0.06202700095545761,367.3820184716714,317.08579631533394,304.09476419128816
2021,2,15,0.062108021482923215,357.34043413964866,310.3250163212601,297.3940054467879
2021,2,16,0.06177236501199428,346.93946634852205,303.32227127265173,290.4534297793207
2021,2,17,0.062108021482923215,336.2795267095319,296.1451661200824,283.34004195226066
2021,2,18,0.06246682667598518,325.45716436301643,288.85870529660383,276.118269298487
2021,2,19,0.06177164161442763,314.5632108768406,281.52404371826776,268.84872380934735
2021,2,20,0.06214274456612276,303.68132258035155,274.19750536933077,261.5872294327238
2021,2,21,0.062108021482923215,292.8869204338957,266.9298695394929,254.3841146469571
2021,2,22,0.06179551373412731,282.24654875229055,259.7659390663805,247.2837845364111
2021,2,23,0.06211959584398973,271.8175728580391,252.74433677204107,240.32451903517608
2021,2,24,0.06214274456612276,261.6482349441178,245.89754307414194,233.5385102043605
2021,2,25,0.062108021482923215,251.77785244165182,239.25202954260476,226.95199460302825
2021,2,26,0.06210729808535656,242.23767266766322,232.82883431531758,220.5858235954517
2021,2,27,0.06211959584398973,233.05018871115354,226.64310149913626,214.45500684124565
2021,2,28,0.06206172403865715,224.25708382636358,220.72289552115132,208.58735961548211
2021,3,1,0.062108021482923215,215.86216681530354,215.0707807647887,202.98542353535328
2021,3,2,0.06177164161442763,207.85578849190745,209.68026064325932,197.64275968984967
2021,3,3,0.06211959584398973,200.228298808538,204.5448379896967,192.55292859303432
2021,3,4,0.04479277732741684,192.970047717558,199.65801563723457,187.7094907589704
2021,3,5,0.062142021168556105,186.0713851713301,195.01329641900645,183.1060067017209
2021,3,6,0.06211959584398973,179.52266112221696,190.604183168146,178.73603693534892
2021,3,7,0.06202700095545761,173.3142255225814,186.4241787177868,174.59314197391762
2021,3,8,0.06221219073252185,167.4364283247862,182.4667859010626,170.67088233149013
2021,3,9,0.06172534417016157,161.87961948119388,178.72550755110683,166.96281852212937
2021,3,10,0.06213117020505624,156.63414894416732,175.19384650105326,163.46251105989856
2021,3,11,0.06211959584398973,151.69036666606917,171.8653055840354,160.16352045886077
2021,3,12,0.0620964471218567,147.03862259926214,168.73338763318696,157.05940723307904
2021,3,13,0.06214274456612276,142.66926669610896,165.79159548164148,154.14373189661652
2021,3,14,nan,138.56866542641092,163.03074997049652,151.4073967818465
2021,3,15,nan,134.7094133127007,160.43239958874918,148.83211418767388
2021,3,16,nan,131.07736610075636,157.98702131813732,146.40844563984712
2021,3,17,nan,127.6594948232055,155.68584303874013,144.1276968960867
2021,3,18,nan,124.44317384245218,153.5203641837897,141.98144285645537
2021,3,19,nan,121.41641173306101,151.4825111877505,139.96168163139185
2021,3,20,nan,118.56781251221892,149.56461138363423,138.06080867076122
2021,3,21,nan,115.88659250228005,147.75940435618364,136.27162801624712
2021,3,22,nan,113.36258072888893,146.06004220992037,134.58735256701976
2021,3,23,nan,110.98617755007976,144.46006171501872,133.00157647289458
2021,3,24,nan,108.74837887193308,142.9534006111796,131.50829129346295
2021,3,25,nan,106.64073316559421,141.53436866812552,130.10185731550783
2021,3,26,nan,104.65531932058991,140.19763277472111,128.77698877450095
2021,3,27,0.06213117020505624,102.78472418150787,138.9382018149086,127.52873886480779
2021,3,28,0.06203785191895747,101.02201618497611,137.75140891806046,126.3524821476189
2021,3,29,0.06213117020505624,99.36072422405041,136.63289722883187,125.24390044713553
2021,3,30,0.06184181117839337,97.7947960283519,135.5785918854138,124.19895507759615
2021,3,31,0.06213117020505624,96.31859010497058,134.5846945935191,123.21388146543362
2021,4,1,0.06213117020505624,94.92684455305212,133.64766262992293,122.28516833921935
2021,4,2,0.06213117020505624,93.61465986456756,132.76419726259587,121.40954625260078
2021,4,3,0.06213117020505624,92.37746468926136,131.9312207009889,120.58396473921856
2021,4,4,0.062038575316524125,91.21099819014526,131.14586421637196,119.80558053851102
2021,4,5,0.06213117020505624,90.11129044422256,130.40545494606863,119.07174451709886
2021,4,6,0.062385806148519574,89.0746414209778,129.7075017401309,118.3799876411114
2021,4,7,0.06235108306532003,88.09760437409406,129.04968397934437,117.72800989346365
2021,4,8,0.06211959584398973,87.17696752185412,128.4298392410413,117.11366804917091
2021,4,9,0.0620964471218567,86.30973803630266,127.8459525193524,116.53496499130128
2021,4,10,0.06213117020505624,85.4931270136423,127.29614610610184,115.99003968170678
2021,4,11,0.0620154265943911,84.72453529382597,126.77867004344765,115.47715769842395
2021,4,12,0.062108021482923215,84.0015408926848,126.29189366220723,114.99470284912074
2021,4,13,0.06174921628986125,83.32188504291017,125.83429618355456,114.54116785623076
2021,4,14,0.06210729808535656,82.68346320686156,125.40446066813965,114.1151483597913
2021,4,15,0.06210729808535656,82.08431316978269,125.00106599951016,113.7153349720353
2021,4,16,0.062108021482923215,81.52260547455134,124.62288044403692,113.34050689449063
2021,4,17,0.062108021482923215,80.99663447023835,124.26875562410365,112.98952594467534
2021,4,18,0.0620610006410905,80.50480981330449,123.93762079604801,112.66133088483795
2021,4,19,0.06211959584398973,80.04564947737236,123.62847814379316,112.35493275737181
2021,4,20,0.061760790650927766,79.61777009116929,123.34039627359533,112.06940843731525
2021,4,21,0.06211959584398973,79.21988363210598,123.07250798790224,111.80389842597327
2021,4,22,0.06211959584398973,78.8507893003453,122.8240048143407,111.5576014284762
2021,4,23,0.06211959584398973,78.50936812984196,122.5941333774469,111.32977075772118
2021,4,24,0.06211959584398973,78.19457784067959,122.38219193285724,111.11971089933192
2021,4,25,0.062038575316524125,77.90544789521304,122.18752703871657,110.92677421261772
2021,4,26,0.06211959584398973,77.64107553410953,122.00953088683099,110.75035828541994
2021,4,27,0.061760790650927766,77.4006199400149,121.84763737319153,110.58990203952104
2021,4,28,0.06211959584398973,77.18330059891744,121.70132099471611,110.44488463718105
2021,4,29,0.06211959584398973,76.98839252486594,121.57009363415622,110.31482229458743
2021,4,30,0.06214274456612276,76.81522305996424,121.45350240560295,110.19926614648836
2021,5,1,0.06211959584398973,76.66316930062644,121.35112792164065,110.09780052873043
2021,5,2,0.06213117020505624,76.53165139500175,121.26257978064915,110.01003850562391
2021,5,3,0.06210729808535656,76.42013977365086,121.18750143506062,109.9356266949799
2021,5,4,0.06181866245626034,76.32814394897342,121.1255626502581,109.87423779395769
2021,5,5,0.062108021482923215,76.25521262697701,121.07645957982706,109.82557065364827
2021,5,6,0.062108021482923215,76.20093210620149,121.03991368758605,109.7893492106751
2021,5,7,0.062108021482923215,76.16492425902544,121.01567038844439,109.76532114011793
2021,5,8,0.06210729808535656,76.14684494967923,121.00349798328469,109.75325679985144
2021,5,9,0.062108021482923215,76.14638227418189,121.00318647395085,109.75294805605344
2021,5,10,0.06220061637145533,76.1632564858071,121.01454751306572,109.76420823346824
2021,5,11,0.06184181117839337,76.19721443976968,121.03741066375974,109.78686840834068
2021,5,12,0.06220061637145533,76.24803405355878,121.07162640271603,109.82078038480077
2021,5,13,0.06220061637145533,76.31551996541552,121.11706319711786,109.86581379776155
2021,5,14,0.06220061637145533,76.39950299511034,121.17360714160199,109.92185575309549
2021,5,15,0.06220061637145533,76.49983947048446,121.24116150483349,109.98881037823482
2021,5,16,0.062038575316524125,76.6164102646351,121.3196460812637,110.06659817968438
2021,5,17,0.062108021482923215,76.74912103146572,121.40899734972095,110.15515620020446
2021,5,18,0.06174921628986125,76.8978985609267,121.50916601947357,110.25443558665961
2021,5,19,0.062108021482923215,77.06269424394904,121.62011936309426,110.36440390217196
2021,5,20,0.062108021482923215,77.24348123141806,121.74183930365899,110.48504323030187
2021,5,21,0.062108021482923215,77.44025435402676,121.87432236078592,110.61635012156583
2021,5,22,0.062108021482923215,77.65302991615121,122.01757951185633,110.75833545588947
2021,5,23,0.062038575316524125,77.88184526049439,122.17163589889867,110.9110241520939
2021,5,24,0.062108021482923215,78.12675953394461,122.33653134422448,111.07445567895377
2021,5,25,0.06174921628986125,78.38785032383285,122.51231808569356,111.24868181056856
2021,5,26,0.062108021482923215,78.66521797142573,122.69906368089504,111.43376950476065
2021,5,27,0.06211959584398973,78.95898223233499,122.8968487586736,111.62979867456326
2021,5,28,0.062108021482923215,79.26928567322179,123.1057693060567,111.83686445484454
2021,5,29,0.062108021482923215,79.59628253549437,123.32592917042464,112.05506977104248
2021,5,30,0.06202700095545761,79.94018105355482,123.55746855146437,112.28455357817096
2021,5,31,0.062108021482923215,80.30108573506871,123.8004578119106,112.5253856142943
2021,6,1,0.06174921628986125,80.6804141694216,124.05585138381718,112.7785118381534
2021,6,2,0.06210729808535656,81.07639833552182,124.32245889709603,113.04275244759768
2021,6,3,0.06211887244642308,81.4901064695432,124.6009995718935,113.31882027763862
2021,6,4,0.062108021482923215,81.92195035399493,124.89175065240315,113.60699011113499
2021,6,5,0.062108021482923215,82.37220822643746,125.19489946991357,113.90744761627468
2021,6,6,0.062003128835757926,82.84122278037012,125.51067675249288,114.22042147275467
2021,6,7,0.06211814904885641,83.32934939326071,125.83932176804902,114.54614882429613
2021,6,8,0.061760790650927766,83.83696912894706,126.18109107856318,114.88488395515928
2021,6,9,0.06210729808535656,84.36448785896471,126.53625794849916,115.2368977038046
2021,6,10,0.062108021482923215,84.91233667510343,126.90511262256848,115.60247773819208
2021,6,11,0.062108021482923215,85.4809725470704,127.28796276852074,115.98192899464054
2021,6,12,0.062108021482923215,86.07087929892973,127.68513413455918,116.37557432940663
2021,6,13,0.06210729808535656,86.6825683400589,128.09697104147756,116.78375500645282
2021,6,14,0.062101510904823305,87.31658044675117,128.52383758217437,117.20683188631222
2021,6,15,0.06172606756772822,87.97348418631509,128.96611656063328,117.64518437448888
2021,6,16,0.062108021482923215,88.65388040529032,129.42421251374117,118.0992134164483
2021,6,17,0.062108021482923215,89.35840141450501,129.89855116260495,118.56934095380561
2021,6,18,0.062108021482923215,90.08771249904856,130.38958042918335,119.05601093193162
2021,6,19,0.06116977483896885,90.84251332134582,130.89777138094624,119.55969023622578
2021,6,20,0.06202483076275764,91.623539324999,131.42361917605072,120.08086962890104
2021,6,21,0.06210729808535656,92.43156265175188,131.96764368071325,120.62006436087506
2021,6,22,0.06174921628986125,93.26739542781488,132.53039168182073,121.17781636473799
2021,6,23,0.06210729808535656,94.13188917369322,133.11243648958057,121.75469386093019
2021,6,24,0.062108021482923215,95.02593777260802,133.714379936094,122.35129333857253
2021,6,25,0.062108021482923215,95.95047913988998,134.33685349932247,122.96824066945442
2021,6,26,0.062108021482923215,96.90649714526714,134.9805195973222,123.60619239077809
2021,6,27,0.06202555416032429,97.89502346960634,135.64607283834764,124.26583694416405
2021,6,28,0.06211959584398973,98.91714157094657,136.33424269109534,124.94789732218887
2021,6,29,0.061760790650927766,99.97398319362685,137.04579113437592,125.6531287389229
2021,6,30,0.062108021482923215,101.0667385280284,137.78151949744702,126.3823254095359
2021,7,1,0.062108021482923215,102.19665421647147,138.54226711742714,127.13631921962997
2021,7,2,0.062108021482923215,103.36503666291605,139.3289135676451,127.91598193380618
2021,7,3,0.062106574687789906,104.57325487790567,140.14238057307847,128.72222709409806
2021,7,4,0.06202483076275764,105.82274566107014,140.98363549962016,129.55601347826075
2021,7,5,0.062108021482923215,107.11501220857662,141.85369041650526,130.4183441705216
2021,7,6,0.06173764192879474,108.45162948498856,142.75360571306672,131.310270146227
2021,7,7,0.06210585129022325,109.83424720223584,143.68449210441116,132.23289225971172
2021,7,8,0.062108021482923215,111.2645945147786,144.64751379257027,133.18736437738625
2021,7,9,0.062106574687789906,112.74448303155427,145.64389049437915,134.17489538761205
2021,7,10,0.062108021482923215,114.27581004410325,146.67489961490313,135.19675135483274
2021,7,11,0.062003128835757926,115.86056398383445,147.7418799216956,136.25425916121253
2021,7,12,0.06213117020505624,117.50081339280831,148.84622411906673,137.3487991468294
2021,7,13,0.06174921628986125,119.19876099948564,149.9894152561069,138.48184119447356
2021,7,14,0.06213117020505624,120.956679151224,151.1729832547932,139.6549016436909
2021,7,15,0.06213117020505624,122.77695514366758,152.39853542928023,140.86957353912806
2021,7,16,0.06213044680748959,124.66208944007349,153.66775528701123,142.12752544228704
2021,7,17,0.06213117020505624,126.61469783981889,154.98240398872662,143.43050287857204
2021,7,18,0.06202700095545761,128.6375170895863,156.34432412635294,144.78033208163882
2021,7,19,0.06049918529467763,130.73340812165162,157.75544190327173,146.1789221543074
2021,7,20,0.061760790650927766,132.90536232769767,159.21777135834117,147.62826925508364
2021,7,21,0.061760790650927766,135.15650539164977,160.7334169464612,149.13045915581412
2021,7,22,0.0620964471218567,137.4901017148534,162.304576517949,150.68767019461146
2021,7,23,0.0620964471218567,139.90955882525702,163.9335442871458,152.30217621810613
2021,7,24,0.06213117020505624,142.41843183318986,165.62271383239496,153.97634955479114
2021,7,25,0.06192283170585897,145.02042741821253,167.3745807803018,155.71266367545138
2021,7,26,0.062108021482923215,147.71940776143552,169.19174545327775,157.5136958172033
2021,7,27,0.061714493206661704,150.51939413400734,171.07691528559144,159.3821293780967
2021,7,28,0.05810329255390904,153.42457138835647,173.03290784722395,161.32075691412433
2021,7,29,0.06210729808535656,156.43929002046613,175.06265223235357,163.3324815153803
2021,7,30,0.062108021482923215,159.5680804775951,177.16919869243253,165.42032635361534
2021,7,31,0.062108021482923215,162.81563043359174,179.3557033361509,167.58741951803262
2021,8,1,0.06202627755789095,166.18692061332476,181.62551957706728,169.83708465105883
2021,8,2,0.06211959584398973,169.68681564058795,183.9819226604155,172.1725679207634
2021,8,3,0.06172606756772822,173.32179896515046,186.42927775169562,174.59819573932384
2021,8,4,0.062108021482923215,177.09398568295674,188.96900889893368,177.115379512269
2021,8,5,0.06211959584398973,181.02477528587468,191.61552391385743,179.73839914080975
2021,8,6,0.06211959584398973,185.07077775230715,194.33960924009398,182.4383004223992
2021,8,7,0.06211959584398973,189.4569667865185,197.29273477210342,185.36520852317523
2021,8,8,0.06202700095545761,193.8171237651894,200.2283334881759,188.27474540860985
2021,8,9,0.06211959584398973,207.89878924839786,209.7092121159152,197.6714541354218
2021,8,10,0.06174921628986125,212.59653107719913,212.8720993579413,200.80626171138962
2021,8,11,0.06211959584398973,216.4453987405795,215.46345811548687,203.37461475201235
2021,8,12,0.06211959584398973,220.60539335417909,218.26429187131052,206.1505831014746
2021,8,13,0.06211959584398973,224.72808853037844,221.0400127284294,208.90166150099864
2021,8,14,0.06213117020505624,228.88704101258574,223.84014483988742,211.67693443519488
2021,8,15,0.06193440606692549,233.04567001086346,226.64005915666218,214.4519915082582
2021,8,16,0.0620964471218567,237.19643130139906,229.4346763171971,217.22179845248638
2021,8,17,0.06174921628986125,241.32258905966899,232.21272845539835,219.97518743630874
2021,8,18,0.06210729808535656,245.40830233244915,234.96355020252497,222.70158777662115
2021,8,19,0.06220061637145533,249.43580825198026,237.6751822066447,225.38914629492803
2021,8,20,0.06219989297388868,253.38614377344308,240.3348570627543,228.02520893344393
2021,8,21,0.06204942628002399,257.23897650185114,242.92888541221168,230.59620786571864
2021,8,22,0.06250154975918472,260.97272362191694,245.4427360156241,233.08774085864962
2021,8,23,0.06221219073252185,264.56464279807227,247.86109695385161,235.48463193015175
2021,8,24,0.061830236817326856,267.9909815094008,250.16797617196443,237.7710310004994
2021,8,25,0.06211959584398973,271.22716390630393,252.34682728576567,239.93053858195674
2021,8,26,0.06211959584398973,274.248022873111,254.38070582449163,241.9463606343775
2021,8,27,0.062108021482923215,277.028075760215,256.2524548752526,243.80149256152063
2021,8,28,0.062108021482923215,279.5418432968936,257.9449198000884,245.47893202187785
2021,8,29,0.06200385223332458,281.7642082502476,259.4411897132187,246.96191826212365
2021,8,30,0.062108021482923215,283.6708102008331,260.7248632748771,248.2341955512687
2021,8,31,0.06172606756772822,285.2384653296896,261.78033132477253,249.28029330494155
2021,9,1,0.062108021482923215,286.44561691413094,262.59308019109227,250.08582670165737
2021,9,2,0.062108021482923215,287.27277279967905,263.14998623082556,250.63778860825377
2021,9,3,0.062108021482923215,287.7029573666909,263.43962012904797,250.9248511776494
2021,9,4,0.062108021482923215,287.7221349116956,263.4525319523535,250.93764837161197
2021,9,5,0.06200385223332458,287.3195992856866,263.1815134838291,250.66903596675957
2021,9,6,0.062108021482923215,286.4883131726364,262.6218266518878,250.1143179554355
2021,9,7,0.06173764192879474,285.2251817915419,261.77138780789414,249.27142918734242
2021,9,8,0.06210729808535656,283.53124795981375,260.6308990580948,248.14106553552702
2021,9,9,0.062108021482923215,281.41179849236,259.2039198998044,246.72675489658963
2021,9,10,0.062108021482923215,278.8763685409735,257.49687014302003,245.0348600863611
2021,9,11,0.06211959584398973,275.92695612397773,255.5110950099558,243.06671438436302
2021,9,12,0.0620154265943911,272.5867085387076,253.26217907168788,240.83776400405128
2021,9,13,0.062108021482923215,268.8850455568951,250.7699300196699,238.3676407869935
2021,9,14,0.06171376980909505,264.8513869502719,248.0541555453556,235.67597657475713
2021,9,15,0.062108021482923215,260.5151524905698,245.13466334019853,232.78240320890967
2021,9,16,0.062108021482923215,255.90576194952064,242.03126109565244,229.70655253101867
2021,9,17,0.06213117020505624,251.0526350988562,238.7637565031709,226.4680563826516
2021,9,18,0.06174921628986125,245.98519171030836,235.3519572542077,223.08654660537607
2021,9,19,0.0620154265943911,240.7328515556089,231.8156710402164,219.58165504075953
2021,9,20,0.062108021482923215,235.3250344064896,228.1747055526507,215.9730135303695
2021,9,21,0.061736918531228084,229.7938140155046,224.45065535044003,212.2820249196923
2021,9,22,0.062108021482923215,224.1789449984196,220.67028635040128,208.535217501517
2021,9,23,0.06210729808535656,218.51154612786925,216.85455014428655,204.75335686232427
2021,9,24,0.04240845894771476,212.82108206485609,213.02328464651762,200.9561047983346
2021,9,25,nan,207.13507520812632,209.19502008864762,197.1618270323234
2021,9,26,nan,201.47888664307482,205.38683153703025,193.3874470406178
2021,9,27,nan,195.87556412258635,201.61423654163167,189.6483446105678
2021,9,28,nan,190.3457537758032,197.89113569146696,185.95829692372322
2021,9,29,nan,184.90766925649285,194.2297918428683,182.32945796851027
2021,9,30,nan,179.5771117994788,190.6408436230427,178.77237192390675
2021,10,1,nan,174.3675336458768,187.13334813290203,175.29601548316225
2021,10,2,nan,169.2901369452223,183.71484753571124,171.9078638512819
2021,10,3,0.009479401713477437,164.35400030503652,180.39145426015423,168.61397519167133
2021,10,4,0.06221219073252185,159.56622577795247,177.1679499635642,165.41908871078553
2021,10,5,0.061899682983725945,154.93209932922832,174.0478935712049,162.3267317382526
2021,10,6,0.062211467334955195,150.4552591655071,171.03373460835766,159.33933205281448
2021,10,7,0.06221219073252185,146.13786656374262,168.12692821571622,156.45833187663146
2021,10,8,0.06221219073252185,141.9807750180152,165.32804903225315,153.6843007471125
2021,10,9,0.06221219073252185,137.98369432277443,162.63690166889285,151.01704500981867
2021,10,10,0.06199227787225806,134.14534697756102,160.05262601240412,148.45571218748233
2021,10,11,0.062106574687789906,130.4636151267873,157.57379615675308,145.99888903306208
2021,10,12,0.06173764192879474,126.93567605606904,155.19851162983235,143.64469194657332
2021,10,13,0.062108021482923215,123.55812711567998,152.92448150170134,141.3908503366278
2021,10,14,0.062108021482923215,120.32709848656836,150.7491003074892,139.23478186930367
2021,10,15,0.062108021482923215,117.23835512567044,148.66951668495332,137.1736604963495
2021,10,16,0.062108021482923215,114.28738376442683,146.68269194868566,135.20447450937692
2021,10,17,0.04759377270551346,111.46947213376453,144.78545343056706,133.32407940676606
2021,10,18,0.06211959584398973,108.77978728135662,142.97454720907245,131.52925015484743
2021,10,19,0.061714493206661704,106.21339708397952,141.2466525930722,129.81669554311813
2021,10,20,0.0620964471218567,103.76534874127213,139.59843496997053,128.18311056320178
2021,10,21,0.0620964471218567,101.43075241388902,138.02660211745186,126.62523222066744
2021,10,22,0.06207329839972367,99.20473588050467,136.52787367502975,125.13980927760555
2021,10,23,0.0620964471218567,97.08186676277043,135.09859214069604,123.72321670279402
2021,10,24,0.06199227787225806,95.05773360081534,133.73578737461477,122.37251072487874
2021,10,25,0.062108021482923215,93.12823872089842,132.43670050231614,121.08495696228763
2021,10,26,0.06172606756772822,91.28928444927863,131.1985726493303,119.8578210334486
2021,10,27,0.062108021482923215,89.53677311221503,130.0186449411874,118.68836855678956
2021,10,28,0.062108021482923215,87.86660703596661,128.8941585034176,117.57386515073838
2021,10,29,0.04813776767563966,86.27468854679239,127.8223544615511,116.51157643372304
2021,10,30,0.062108021482923215,84.75691997095133,126.80047394111801,115.4987680241714
2021,10,31,0.06207329839972367,83.3092036347025,125.82575806764854,114.53270554051142
2021,11,1,250.5916765169635,81.92774457790931,124.89565177714863,113.61085660224617
2021,11,2,5.93120030800958,80.60990805199928,124.00838115079742,112.73146303915544
2021,11,3,0.061575600873863524,79.35257209478559,123.16184423946046,111.89244156291227
2021,11,4,0.06250154975918472,78.1527342378831,122.35401954657709,111.09178862351676
2021,11,5,0.03141860311505683,77.00754896012623,121.58299124473072,110.32760540199752
2021,11,6,0.03125077487959236,75.91431147888127,120.84693826269262,109.59808699433884
2021,11,7,0.030805161978531535,74.87045537433562,120.14413268590745,108.90152082616673
2021,11,8,0.03104822356092835,73.87354651670273,119.4729356678128,108.23628260036699
2021,11,9,0.030857246603330852,72.92127652226745,118.83179302393701,107.60083193029806
2021,11,10,0.03104822356092835,72.0114608270238,118.21923393492136,106.99371105432775
2021,11,11,0.03104822356092835,71.1419649456819,117.63382129831587,106.41349562839854
2021,11,12,0.03104822356092835,70.31090568489071,117.07428720105901,105.85892899580196
2021,11,13,0.031239200518525845,69.51647417272713,116.53941376908779,105.32880409458883
2021,11,14,0.06163925985972935,68.75686154202583,116.0279831315425,104.82191386598492
2021,11,15,0.062108021482923215,68.0303099216951,115.53881175210896,104.33708528094418
2021,11,16,0.06172606756772822,67.33528426167844,115.0708661150222,103.87329399910861
2021,11,17,0.062108021482923215,66.6702743598464,114.62312943408539,103.42953226116555
2021,11,18,0.062108021482923215,66.03381617290066,114.19461600083709,103.00482310963403
2021,11,19,0.062108021482923215,65.42454378246507,113.78440617218858,102.59825506588675
2021,11,20,0.05943434407655826,64.84093764539787,113.39147687284289,102.20881413734463
2021,11,21,0.06200385223332458,64.28206099402573,113.01519739753115,101.83587521805114
2021,11,22,0.062108021482923215,63.74468125402652,112.65339132437782,101.47728120809658
2021,11,23,0.06172606756772822,63.23257687283474,112.30860259973426,101.13555346903607
2021,11,24,0.0615698136933307,62.72192270843797,111.96479027446858,100.7947934610177
2021,11,25,0.031054010741461607,62.27008255684379,111.66057614287229,100.49328009950007
2021,11,26,0.02409781974048612,61.427483893573864,111.09327281729027,99.93101321268969
2021,11,27,0.031054010741461607,61.13417928190864,110.89579721133514,99.7352907672634
2021,11,28,0.042813561585041106,61.52934451079309,111.16185335202557,99.9989848991272
2021,11,29,0.0620964471218567,62.36610999947922,111.72522932822486,100.55735930300776
2021,11,30,0.06148228258776475,63.3975814516838,112.4196965883647,101.24566118093163
2021,12,1,0.05478145092781925,64.37686457112355,113.07902658087684,101.89913773492535
2021,12,2,0.06247840103705169,65.05706506151523,113.53699075419298,102.3530361670154
2021,12,3,0.05291797879611034,65.33380831337023,113.7233159573454,102.53770720133966
2021,12,4,0.0375703760219115,65.61400569554324,113.91196675119932,102.72468318009975
2021,12,5,0.06199227787225806,65.91274008808507,114.11309811034131,102.92402892345262
2021,12,6,0.06247840103705169,66.22631399678353,114.32422059246113,103.13327709000515
2021,12,7,0.028264589724433478,66.5560490111535,114.54622399499085,103.35330957769352
2021,12,8,0.062108021482923215,66.90192768094994,114.7790965690606,103.58411474195266
2021,12,9,0.0620964471218567,67.26431165475988,115.02308180478622,103.82593391122757
2021,12,10,0.03268020847130693,67.64348713629249,115.27837239689067,104.0789580695247
2021,12,11,0.030857246603330852,68.03979107129666,115.545195203607,104.34341206106171
2021,12,12,0.03099613893612903,68.4535801767158,115.82379039468277,104.61953392339315
2021,12,13,0.030908969529346842,68.88524155501668,116.1144185977766,104.90758197036205
2021,12,14,0.025579337957000032,69.33519157636908,116.41736014585398,105.20783404617745
2021,12,15,0.03144717731893979,69.80387865724961,116.73291694796069,105.52058937957929
